SWEATSHIRT_CN_KD_HWT_L_BLACK,In Stock
SWEATSHIRT_CN_KD_HWT_L_NAVY,In Stock
SWEATSHIRT_CN_KD_HWT_L_RED,In Stock
SWEATSHIRT_CN_KD_HWT_L_ROYAL,In Stock
SWEATSHIRT_CN_KD_HWT_L_SPORTGREY,In Stock
SWEATSHIRT_CN_KD_HWT_L_WHITE,In Stock
SWEATSHIRT_CN_KD_HWT_M_BLACK,In Stock
SWEATSHIRT_CN_KD_HWT_M_NAVY,In Stock
SWEATSHIRT_CN_KD_HWT_M_RED,In Stock
SWEATSHIRT_CN_KD_HWT_M_ROYAL,In Stock
SWEATSHIRT_CN_KD_HWT_M_SPORTGREY,In Stock
SWEATSHIRT_CN_KD_HWT_M_WHITE,In Stock
SWEATSHIRT_CN_KD_HWT_S_BLACK,In Stock
SWEATSHIRT_CN_KD_HWT_S_NAVY,In Stock
SWEATSHIRT_CN_KD_HWT_S_RED,In Stock
SWEATSHIRT_CN_KD_HWT_S_ROYAL,In Stock
SWEATSHIRT_CN_KD_HWT_S_SPORTGREY,In Stock
SWEATSHIRT_CN_KD_HWT_S_WHITE,In Stock
SWEATSHIRT_CN_KD_HWT_XL_BLACK,In Stock
SWEATSHIRT_CN_KD_HWT_XL_NAVY,In Stock
SWEATSHIRT_CN_KD_HWT_XL_RED,In Stock
SWEATSHIRT_CN_KD_HWT_XL_ROYAL,In Stock
SWEATSHIRT_CN_KD_HWT_XL_SPORTGREY,In Stock
SWEATSHIRT_CN_KD_HWT_XL_WHITE,In Stock
SWEATSHIRT_CN_KD_HWT_XS_BLACK,In Stock
SWEATSHIRT_CN_KD_HWT_XS_NAVY,In Stock
SWEATSHIRT_CN_KD_HWT_XS_RED,In Stock
SWEATSHIRT_CN_KD_HWT_XS_ROYAL,In Stock
SWEATSHIRT_CN_KD_HWT_XS_SPORTGREY,In Stock
SWEATSHIRT_CN_KD_HWT_XS_WHITE,In Stock
SWEATSHIRT_CN_US_HWT_2XL_BLACK,In Stock
SWEATSHIRT_CN_US_HWT_2XL_DARKHEATHER,In Stock
SWEATSHIRT_CN_US_HWT_2XL_MAROON,In Stock
SWEATSHIRT_CN_US_HWT_2XL_NAVY,In Stock
SWEATSHIRT_CN_US_HWT_2XL_RED,In Stock
SWEATSHIRT_CN_US_HWT_2XL_ROYAL,In Stock
SWEATSHIRT_CN_US_HWT_2XL_SPORTGREY,In Stock
SWEATSHIRT_CN_US_HWT_2XL_WHITE,In Stock
SWEATSHIRT_CN_US_HWT_3XL_BLACK,In Stock
SWEATSHIRT_CN_US_HWT_3XL_DARKHEATHER,In Stock
SWEATSHIRT_CN_US_HWT_3XL_MAROON,In Stock
SWEATSHIRT_CN_US_HWT_3XL_NAVY,In Stock
SWEATSHIRT_CN_US_HWT_3XL_RED,In Stock
SWEATSHIRT_CN_US_HWT_3XL_ROYAL,In Stock
SWEATSHIRT_CN_US_HWT_3XL_SPORTGREY,In Stock
SWEATSHIRT_CN_US_HWT_3XL_WHITE,In Stock
SWEATSHIRT_CN_US_HWT_L_BLACK,In Stock
SWEATSHIRT_CN_US_HWT_L_DARKHEATHER,In Stock
SWEATSHIRT_CN_US_HWT_L_MAROON,In Stock
SWEATSHIRT_CN_US_HWT_L_NAVY,In Stock
SWEATSHIRT_CN_US_HWT_L_RED,In Stock
SWEATSHIRT_CN_US_HWT_L_ROYAL,In Stock
SWEATSHIRT_CN_US_HWT_L_SPORTGREY,In Stock
SWEATSHIRT_CN_US_HWT_L_WHITE,In Stock
SWEATSHIRT_CN_US_HWT_M_BLACK,In Stock
SWEATSHIRT_CN_US_HWT_M_DARKHEATHER,In Stock
SWEATSHIRT_CN_US_HWT_M_MAROON,In Stock
SWEATSHIRT_CN_US_HWT_M_NAVY,In Stock
SWEATSHIRT_CN_US_HWT_M_RED,In Stock
SWEATSHIRT_CN_US_HWT_M_ROYAL,In Stock
SWEATSHIRT_CN_US_HWT_M_SPORTGREY,In Stock
SWEATSHIRT_CN_US_HWT_M_WHITE,In Stock
SWEATSHIRT_CN_US_HWT_S_BLACK,In Stock
SWEATSHIRT_CN_US_HWT_S_DARKHEATHER,In Stock
SWEATSHIRT_CN_US_HWT_S_MAROON,In Stock
SWEATSHIRT_CN_US_HWT_S_NAVY,In Stock
SWEATSHIRT_CN_US_HWT_S_RED,In Stock
SWEATSHIRT_CN_US_HWT_S_ROYAL,In Stock
SWEATSHIRT_CN_US_HWT_S_SPORTGREY,In Stock
SWEATSHIRT_CN_US_HWT_S_WHITE,In Stock
SWEATSHIRT_CN_US_HWT_XL_BLACK,In Stock
SWEATSHIRT_CN_US_HWT_XL_DARKHEATHER,In Stock
SWEATSHIRT_CN_US_HWT_XL_MAROON,In Stock
SWEATSHIRT_CN_US_HWT_XL_NAVY,In Stock
SWEATSHIRT_CN_US_HWT_XL_RED,In Stock
SWEATSHIRT_CN_US_HWT_XL_ROYAL,In Stock
SWEATSHIRT_CN_US_HWT_XL_SPORTGREY,In Stock
SWEATSHIRT_CN_US_HWT_XL_WHITE,In Stock
TSHIRT_CN_KD_BAS_L_BLACK,In Stock
TSHIRT_CN_KD_BAS_L_IRISHGREEN,In Stock
TSHIRT_CN_KD_BAS_L_LIGHTPINK,In Stock
TSHIRT_CN_KD_BAS_L_NAVY,In Stock
TSHIRT_CN_KD_BAS_L_RED,In Stock
TSHIRT_CN_KD_BAS_L_WHITE,In Stock
TSHIRT_CN_KD_BAS_M_BLACK,In Stock
TSHIRT_CN_KD_BAS_M_IRISHGREEN,In Stock
TSHIRT_CN_KD_BAS_M_LIGHTPINK,In Stock
TSHIRT_CN_KD_BAS_M_NAVY,In Stock
TSHIRT_CN_KD_BAS_M_RED,In Stock
TSHIRT_CN_KD_BAS_M_WHITE,In Stock
TSHIRT_CN_KD_BAS_S_BLACK,In Stock
TSHIRT_CN_KD_BAS_S_IRISHGREEN,In Stock
TSHIRT_CN_KD_BAS_S_LIGHTPINK,In Stock
TSHIRT_CN_KD_BAS_S_NAVY,In Stock
TSHIRT_CN_KD_BAS_S_RED,In Stock
TSHIRT_CN_KD_BAS_S_WHITE,In Stock
TSHIRT_CN_KD_BAS_XL_BLACK,In Stock
TSHIRT_CN_KD_BAS_XL_IRISHGREEN,In Stock
TSHIRT_CN_KD_BAS_XL_LIGHTPINK,In Stock
TSHIRT_CN_KD_BAS_XL_NAVY,In Stock
TSHIRT_CN_KD_BAS_XL_RED,In Stock
TSHIRT_CN_KD_BAS_XL_WHITE,In Stock
TSHIRT_CN_KD_BAS_XS_BLACK,In Stock
TSHIRT_CN_KD_BAS_XS_IRISHGREEN,In Stock
TSHIRT_CN_KD_BAS_XS_LIGHTPINK,In Stock
TSHIRT_CN_KD_BAS_XS_NAVY,In Stock
TSHIRT_CN_KD_BAS_XS_RED,In Stock
TSHIRT_CN_KD_BAS_XS_WHITE,In Stock
PFMTSHIRT_CN_KD_CLS_L_WHITE,In Stock
PFMTSHIRT_CN_KD_CLS_M_WHITE,In Stock
PFMTSHIRT_CN_KD_CLS_S_WHITE,In Stock
PFMTSHIRT_CN_KD_CLS_XL_WHITE,In Stock
TSHIRT_CN_US_BAS_2XL_BLACK,In Stock
TSHIRT_CN_US_BAS_2XL_CHARCOAL,In Stock
TSHIRT_CN_US_BAS_2XL_DARKHEATHER,In Stock
TSHIRT_CN_US_BAS_2XL_NAVY,In Stock
TSHIRT_CN_US_BAS_2XL_RED,In Stock
TSHIRT_CN_US_BAS_2XL_ROYALBLUE,In Stock
TSHIRT_CN_US_BAS_2XL_SPORTGREY,In Stock
TSHIRT_CN_US_BAS_2XL_WHITE,In Stock
TSHIRT_CN_US_BAS_3XL_BLACK,In Stock
TSHIRT_CN_US_BAS_3XL_CHARCOAL,In Stock
TSHIRT_CN_US_BAS_3XL_DARKHEATHER,In Stock
TSHIRT_CN_US_BAS_3XL_NAVY,In Stock
TSHIRT_CN_US_BAS_3XL_RED,In Stock
TSHIRT_CN_US_BAS_3XL_ROYALBLUE,In Stock
TSHIRT_CN_US_BAS_3XL_SPORTGREY,In Stock
TSHIRT_CN_US_BAS_3XL_WHITE,In Stock
TSHIRT_CN_US_BAS_L_BLACK,In Stock
TSHIRT_CN_US_BAS_L_CHARCOAL,In Stock
TSHIRT_CN_US_BAS_L_DARKHEATHER,In Stock
TSHIRT_CN_US_BAS_L_NAVY,In Stock
TSHIRT_CN_US_BAS_L_RED,In Stock
TSHIRT_CN_US_BAS_L_ROYALBLUE,In Stock
TSHIRT_CN_US_BAS_L_SPORTGREY,In Stock
TSHIRT_CN_US_BAS_L_WHITE,In Stock
TSHIRT_CN_US_BAS_M_BLACK,In Stock
TSHIRT_CN_US_BAS_M_CHARCOAL,In Stock
TSHIRT_CN_US_BAS_M_DARKHEATHER,In Stock
TSHIRT_CN_US_BAS_M_NAVY,In Stock
TSHIRT_CN_US_BAS_M_RED,In Stock
TSHIRT_CN_US_BAS_M_ROYALBLUE,In Stock
TSHIRT_CN_US_BAS_M_SPORTGREY,In Stock
TSHIRT_CN_US_BAS_M_WHITE,In Stock
TSHIRT_CN_US_BAS_S_BLACK,In Stock
TSHIRT_CN_US_BAS_S_CHARCOAL,In Stock
TSHIRT_CN_US_BAS_S_DARKHEATHER,In Stock
TSHIRT_CN_US_BAS_S_NAVY,In Stock
TSHIRT_CN_US_BAS_S_RED,In Stock
TSHIRT_CN_US_BAS_S_ROYALBLUE,In Stock
TSHIRT_CN_US_BAS_S_SPORTGREY,In Stock
TSHIRT_CN_US_BAS_S_WHITE,In Stock
TSHIRT_CN_US_BAS_XL_BLACK,In Stock
TSHIRT_CN_US_BAS_XL_CHARCOAL,In Stock
TSHIRT_CN_US_BAS_XL_DARKHEATHER,In Stock
TSHIRT_CN_US_BAS_XL_NAVY,In Stock
TSHIRT_CN_US_BAS_XL_RED,In Stock
TSHIRT_CN_US_BAS_XL_ROYALBLUE,In Stock
TSHIRT_CN_US_BAS_XL_SPORTGREY,In Stock
TSHIRT_CN_US_BAS_XL_WHITE,In Stock
TSHIRT_CN_US_HWT_2XL_BLACK,In Stock
TSHIRT_CN_US_HWT_2XL_DARKHEATHER,In Stock
TSHIRT_CN_US_HWT_2XL_GOLD,In Stock
TSHIRT_CN_US_HWT_2XL_LIGHTBLUE,In Stock
TSHIRT_CN_US_HWT_2XL_MILITARYGREEN,In Stock
TSHIRT_CN_US_HWT_2XL_NAVY,In Stock
TSHIRT_CN_US_HWT_2XL_ORANGE,In Stock
TSHIRT_CN_US_HWT_2XL_PURPLE,In Stock
TSHIRT_CN_US_HWT_2XL_RED,In Stock
TSHIRT_CN_US_HWT_2XL_ROYAL,In Stock
TSHIRT_CN_US_HWT_2XL_SPORTSGREY,In Stock
TSHIRT_CN_US_HWT_2XL_WHITE,In Stock
TSHIRT_CN_US_HWT_3XL_BLACK,In Stock
TSHIRT_CN_US_HWT_3XL_DARKHEATHER,In Stock
TSHIRT_CN_US_HWT_3XL_GOLD,In Stock
TSHIRT_CN_US_HWT_3XL_LIGHTBLUE,In Stock
TSHIRT_CN_US_HWT_3XL_MILITARYGREEN,In Stock
TSHIRT_CN_US_HWT_3XL_NAVY,In Stock
TSHIRT_CN_US_HWT_3XL_ORANGE,In Stock
TSHIRT_CN_US_HWT_3XL_PURPLE,In Stock
TSHIRT_CN_US_HWT_3XL_RED,In Stock
TSHIRT_CN_US_HWT_3XL_ROYAL,In Stock
TSHIRT_CN_US_HWT_3XL_SPORTSGREY,In Stock
TSHIRT_CN_US_HWT_3XL_WHITE,In Stock
TSHIRT_CN_US_HWT_L_BLACK,In Stock
TSHIRT_CN_US_HWT_L_DARKHEATHER,In Stock
TSHIRT_CN_US_HWT_L_GOLD,In Stock
TSHIRT_CN_US_HWT_L_LIGHTBLUE,In Stock
TSHIRT_CN_US_HWT_L_MILITARYGREEN,In Stock
TSHIRT_CN_US_HWT_L_NAVY,In Stock
TSHIRT_CN_US_HWT_L_ORANGE,In Stock
TSHIRT_CN_US_HWT_L_PURPLE,In Stock
TSHIRT_CN_US_HWT_L_RED,In Stock
TSHIRT_CN_US_HWT_L_ROYAL,In Stock
TSHIRT_CN_US_HWT_L_SPORTSGREY,In Stock
TSHIRT_CN_US_HWT_L_WHITE,In Stock
TSHIRT_CN_US_HWT_M_BLACK,In Stock
TSHIRT_CN_US_HWT_M_DARKHEATHER,In Stock
TSHIRT_CN_US_HWT_M_GOLD,In Stock
TSHIRT_CN_US_HWT_M_LIGHTBLUE,In Stock
TSHIRT_CN_US_HWT_M_MILITARYGREEN,In Stock
TSHIRT_CN_US_HWT_M_NAVY,In Stock
TSHIRT_CN_US_HWT_M_ORANGE,In Stock
TSHIRT_CN_US_HWT_M_PURPLE,In Stock
TSHIRT_CN_US_HWT_M_RED,In Stock
TSHIRT_CN_US_HWT_M_ROYAL,In Stock
TSHIRT_CN_US_HWT_M_SPORTSGREY,In Stock
TSHIRT_CN_US_HWT_M_WHITE,In Stock
TSHIRT_CN_US_HWT_S_BLACK,In Stock
TSHIRT_CN_US_HWT_S_DARKHEATHER,In Stock
TSHIRT_CN_US_HWT_S_GOLD,In Stock
TSHIRT_CN_US_HWT_S_LIGHTBLUE,In Stock
TSHIRT_CN_US_HWT_S_MILITARYGREEN,In Stock
TSHIRT_CN_US_HWT_S_NAVY,In Stock
TSHIRT_CN_US_HWT_S_ORANGE,In Stock
TSHIRT_CN_US_HWT_S_PURPLE,In Stock
TSHIRT_CN_US_HWT_S_RED,In Stock
TSHIRT_CN_US_HWT_S_ROYAL,In Stock
TSHIRT_CN_US_HWT_S_SPORTSGREY,In Stock
TSHIRT_CN_US_HWT_S_WHITE,In Stock
TSHIRT_CN_US_HWT_XL_BLACK,In Stock
TSHIRT_CN_US_HWT_XL_DARKHEATHER,In Stock
TSHIRT_CN_US_HWT_XL_GOLD,In Stock
TSHIRT_CN_US_HWT_XL_LIGHTBLUE,In Stock
TSHIRT_CN_US_HWT_XL_MILITARYGREEN,In Stock
TSHIRT_CN_US_HWT_XL_NAVY,In Stock
TSHIRT_CN_US_HWT_XL_ORANGE,In Stock
TSHIRT_CN_US_HWT_XL_PURPLE,In Stock
TSHIRT_CN_US_HWT_XL_RED,In Stock
TSHIRT_CN_US_HWT_XL_ROYAL,In Stock
TSHIRT_CN_US_HWT_XL_SPORTSGREY,In Stock
TSHIRT_CN_US_HWT_XL_WHITE,In Stock
PFMTSHIRT_CN_US_CLS_2XL_WHITE,In Stock
PFMTSHIRT_CN_US_CLS_L_WHITE,In Stock
PFMTSHIRT_CN_US_CLS_M_WHITE,In Stock
PFMTSHIRT_CN_US_CLS_S_WHITE,In Stock
PFMTSHIRT_CN_US_CLS_XL_WHITE,In Stock
TSHIRT_CN_WM_BAS_2XL_BLACK,In Stock
TSHIRT_CN_WM_BAS_2XL_NAVY,In Stock
TSHIRT_CN_WM_BAS_2XL_RED,In Stock
TSHIRT_CN_WM_BAS_2XL_ROYAL,In Stock
TSHIRT_CN_WM_BAS_2XL_SPORTGREY,In Stock
TSHIRT_CN_WM_BAS_2XL_WHITE,In Stock
TSHIRT_CN_WM_BAS_L_BLACK,In Stock
TSHIRT_CN_WM_BAS_L_NAVY,In Stock
TSHIRT_CN_WM_BAS_L_RED,In Stock
TSHIRT_CN_WM_BAS_L_ROYAL,In Stock
TSHIRT_CN_WM_BAS_L_SPORTGREY,In Stock
TSHIRT_CN_WM_BAS_L_WHITE,In Stock
TSHIRT_CN_WM_BAS_M_BLACK,In Stock
TSHIRT_CN_WM_BAS_M_NAVY,In Stock
TSHIRT_CN_WM_BAS_M_RED,In Stock
TSHIRT_CN_WM_BAS_M_ROYAL,In Stock
TSHIRT_CN_WM_BAS_M_SPORTGREY,In Stock
TSHIRT_CN_WM_BAS_M_WHITE,In Stock
TSHIRT_CN_WM_BAS_S_BLACK,In Stock
TSHIRT_CN_WM_BAS_S_NAVY,In Stock
TSHIRT_CN_WM_BAS_S_RED,In Stock
TSHIRT_CN_WM_BAS_S_ROYAL,In Stock
TSHIRT_CN_WM_BAS_S_SPORTGREY,In Stock
TSHIRT_CN_WM_BAS_S_WHITE,In Stock
TSHIRT_CN_WM_BAS_XL_BLACK,In Stock
TSHIRT_CN_WM_BAS_XL_NAVY,In Stock
TSHIRT_CN_WM_BAS_XL_RED,In Stock
TSHIRT_CN_WM_BAS_XL_ROYAL,In Stock
TSHIRT_CN_WM_BAS_XL_SPORTGREY,In Stock
TSHIRT_CN_WM_BAS_XL_WHITE,In Stock
PFMTSHIRT_CN_WM_CLS_2XL_WHITE,In Stock
PFMTSHIRT_CN_WM_CLS_L_WHITE,In Stock
PFMTSHIRT_CN_WM_CLS_M_WHITE,In Stock
PFMTSHIRT_CN_WM_CLS_S_WHITE,In Stock
PFMTSHIRT_CN_WM_CLS_XL_WHITE,In Stock
TSHIRT_CN_WM_PRM_2XL_ATHLETICHEATHER,In Stock
TSHIRT_CN_WM_PRM_2XL_BERRY,In Stock
TSHIRT_CN_WM_PRM_2XL_BLACK,In Stock
TSHIRT_CN_WM_PRM_2XL_ROYAL,In Stock
TSHIRT_CN_WM_PRM_2XL_NAVY,In Stock
TSHIRT_CN_WM_PRM_2XL_RED,In Stock
TSHIRT_CN_WM_PRM_2XL_WHITE,In Stock
TSHIRT_CN_WM_PRM_L_ATHLETICHEATHER,In Stock
TSHIRT_CN_WM_PRM_L_BERRY,In Stock
TSHIRT_CN_WM_PRM_L_BLACK,In Stock
TSHIRT_CN_WM_PRM_L_ROYAL,In Stock
TSHIRT_CN_WM_PRM_L_NAVY,In Stock
TSHIRT_CN_WM_PRM_L_RED,In Stock
TSHIRT_CN_WM_PRM_L_WHITE,In Stock
TSHIRT_CN_WM_PRM_M_ATHLETICHEATHER,In Stock
TSHIRT_CN_WM_PRM_M_BERRY,In Stock
TSHIRT_CN_WM_PRM_M_BLACK,In Stock
TSHIRT_CN_WM_PRM_M_ROYAL,In Stock
TSHIRT_CN_WM_PRM_M_NAVY,In Stock
TSHIRT_CN_WM_PRM_M_RED,In Stock
TSHIRT_CN_WM_PRM_M_WHITE,In Stock
TSHIRT_CN_WM_PRM_S_ATHLETICHEATHER,In Stock
TSHIRT_CN_WM_PRM_S_BERRY,In Stock
TSHIRT_CN_WM_PRM_S_BLACK,In Stock
TSHIRT_CN_WM_PRM_S_ROYAL,In Stock
TSHIRT_CN_WM_PRM_S_NAVY,In Stock
TSHIRT_CN_WM_PRM_S_RED,In Stock
TSHIRT_CN_WM_PRM_S_WHITE,In Stock
TSHIRT_CN_WM_PRM_XL_ATHLETICHEATHER,In Stock
TSHIRT_CN_WM_PRM_XL_BERRY,In Stock
TSHIRT_CN_WM_PRM_XL_BLACK,In Stock
TSHIRT_CN_WM_PRM_XL_ROYAL,In Stock
TSHIRT_CN_WM_PRM_XL_NAVY,In Stock
TSHIRT_CN_WM_PRM_XL_RED,In Stock
TSHIRT_CN_WM_PRM_XL_WHITE,In Stock
TSHIRT_LS_US_BAS_2XL_BLACK,In Stock
TSHIRT_LS_US_BAS_2XL_NAVY,In Stock
TSHIRT_LS_US_BAS_2XL_WHITE,In Stock
TSHIRT_LS_US_BAS_3XL_BLACK,In Stock
TSHIRT_LS_US_BAS_3XL_NAVY,In Stock
TSHIRT_LS_US_BAS_3XL_WHITE,In Stock
TSHIRT_LS_US_BAS_L_BLACK,In Stock
TSHIRT_LS_US_BAS_L_NAVY,In Stock
TSHIRT_LS_US_BAS_L_WHITE,In Stock
TSHIRT_LS_US_BAS_M_BLACK,In Stock
TSHIRT_LS_US_BAS_M_NAVY,In Stock
TSHIRT_LS_US_BAS_M_WHITE,In Stock
TSHIRT_LS_US_BAS_S_BLACK,In Stock
TSHIRT_LS_US_BAS_S_NAVY,In Stock
TSHIRT_LS_US_BAS_S_WHITE,In Stock
TSHIRT_LS_US_BAS_XL_BLACK,In Stock
TSHIRT_LS_US_BAS_XL_NAVY,In Stock
TSHIRT_LS_US_BAS_XL_WHITE,In Stock
TSHIRT_RC_US_CLS_2XL_WHITEBLACK,In Stock
TSHIRT_RC_US_CLS_2XL_WHITERED,In Stock
TSHIRT_RC_US_CLS_L_WHITEBLACK,In Stock
TSHIRT_RC_US_CLS_L_WHITERED,In Stock
TSHIRT_RC_US_CLS_M_WHITEBLACK,In Stock
TSHIRT_RC_US_CLS_M_WHITERED,In Stock
TSHIRT_RC_US_CLS_S_WHITEBLACK,In Stock
TSHIRT_RC_US_CLS_S_WHITERED,In Stock
TSHIRT_RC_US_CLS_XL_WHITEBLACK,In Stock
TSHIRT_RC_US_CLS_XL_WHITERED,In Stock
ToteBagBasGL_Black,In Stock
ToteBagBasGL,In Stock
ToteBagBasGL_Navy,In Stock
ToteBagBasGL_Red,In Stock
ToteBagBasGL_White,In Stock
ToteBagStdGL_Black,In Stock
ToteBagStdGL,In Stock
